﻿ticket_id,user,message,created_at,processed_by,processed_at
1,lemona,서버가 작동하지 않는 문제가 생겼어요.,2025-11-17 09:35:08,lemona,2025-11-19 03:19:35
2,lemona,도와주세요! 여기 분쟁이 생겼어요!,2025-11-17 09:35:19,lemona,2025-11-19 03:19:37
3,lemona,XX반에 XX한 XX가 생겼는데 도와주시겠어요?,2025-11-17 09:35:33,lemona,2025-11-19 03:19:38
4,lemona,테스트입니다.,2025-11-18 04:09:47,lemona,2025-11-19 03:19:41
5,lemona,네네,2025-11-18 04:09:52,lemona,2025-11-19 03:19:51
6,kjw0831059175,도와주세요.,2025-11-18 04:30:03,lemona,2025-11-19 15:35:10
8,lemona,배경음악 설정이 이상해요.,2025-11-18 11:21:11,lemona,2025-11-19 15:35:22
7,lemona,문의가 하나 더 생겼어요.,2025-11-18 11:20:45,lemona,2025-11-19 15:35:33
7,kjw0831059175,비밀번호 변경이 안됩니다.,2025-11-17 09:12:18,lemona,2025-11-19 16:17:54
