{
    "tickets": [
        {
            "id": 1,
            "user": "lemona",
            "message": "서버 접속이 간헐적으로 끊깁니다.",
            "priority": 2,
            "created_at": "2025-11-17 09:00:12"
        },
        {
            "id": 2,
            "user": "kjw0831059175",
            "message": "알림이 전혀 울리지 않아요.",
            "priority": 3,
            "created_at": "2025-11-17 09:02:30"
        },
        {
            "id": 3,
            "user": "pind_05",
            "message": "로그인이 무한 로딩 걸립니다.",
            "priority": 3,
            "created_at": "2025-11-17 09:05:41"
        },
        {
            "id": 4,
            "user": "qwersdf1234____",
            "message": "메시지가 전송되지 않아요.",
            "priority": 0,
            "created_at": "2025-11-17 09:06:53"
        },
        {
            "id": 5,
            "user": "lemona",
            "message": "이벤트 페이지가 비어있습니다.",
            "priority": 4,
            "created_at": "2025-11-17 09:08:20"
        },
        {
            "id": 6,
            "user": "lemona",
            "message": "이미지를 올리면 오류가 뜹니다.",
            "priority": 0,
            "created_at": "2025-11-17 09:10:01"
        },
        {
            "id": 8,
            "user": "pind_05",
            "message": "UI가 깨져 보입니다.",
            "priority": 1,
            "created_at": "2025-11-17 09:13:40"
        },
        {
            "id": 9,
            "user": "lemona",
            "message": "파일 다운로드가 멈춰요.",
            "priority": 3,
            "created_at": "2025-11-17 09:15:55"
        },
        {
            "id": 10,
            "user": "qwersdf1234____",
            "message": "연결이 자꾸 끊어집니다.",
            "priority": 0,
            "created_at": "2025-11-17 09:17:28"
        },
        {
            "id": 11,
            "user": "lemona",
            "message": "메뉴가 회색으로 잠겨 있습니다.",
            "priority": 2,
            "created_at": "2025-11-17 09:19:40"
        },
        {
            "id": 12,
            "user": "lemona",
            "message": "푸시 알림이 계속 울립니다.",
            "priority": 1,
            "created_at": "2025-11-17 09:21:14"
        },
        {
            "id": 13,
            "user": "kjw0831059175",
            "message": "마이크 입력이 동작하지 않습니다.",
            "priority": 0,
            "created_at": "2025-11-17 09:22:50"
        },
        {
            "id": 14,
            "user": "pind_05",
            "message": "화면이 검게 변합니다.",
            "priority": 4,
            "created_at": "2025-11-17 09:24:03"
        },
        {
            "id": 15,
            "user": "lemona",
            "message": "페이지 스크롤이 안돼요.",
            "priority": 0,
            "created_at": "2025-11-17 09:25:29"
        },
        {
            "id": 16,
            "user": "qwersdf1234____",
            "message": " 소리 알림이 비정상적으로 큽니다.",
            "priority": 1,
            "created_at": "2025-11-17 09:27:54"
        },
        {
            "id": 17,
            "user": "lemona",
            "message": "어제 기록이 사라졌어요.",
            "priority": 3,
            "created_at": "2025-11-17 09:30:12"
        },
        {
            "id": 18,
            "user": "pind_05",
            "message": "자동 로그아웃이 빠르게 됩니다.",
            "priority": 5,
            "created_at": "2025-11-17 09:32:42"
        },
        {
            "id": 19,
            "user": "kjw0831059175",
            "message": "메시지를 열면 앱이 종료됩니다.",
            "priority": 2,
            "created_at": "2025-11-17 09:34:58"
        },
        {
            "id": 20,
            "user": "lemona",
            "message": "설정 변경이 저장되지 않습니다.",
            "priority": 0,
            "created_at": "2025-11-17 09:36:31"
        },
        {
            "id": 21,
            "user": "qwersdf1234____",
            "message": "프로필 사진이 갱신되지 않아요.",
            "priority": 4,
            "created_at": "2025-11-17 09:38:11"
        },
        {
            "id": 22,
            "user": "lemona",
            "message": "검색 기능이 동작하지 않아요.",
            "priority": 2,
            "created_at": "2025-11-17 09:40:19"
        },
        {
            "id": 23,
            "user": "pind_05",
            "message": "이모티콘이 표시되지 않습니다.",
            "priority": 1,
            "created_at": "2025-11-17 09:42:03"
        },
        {
            "id": 24,
            "user": "lemona",
            "message": "동기화 기록이 중복됩니다.",
            "priority": 3,
            "created_at": "2025-11-17 09:44:22"
        },
        {
            "id": 25,
            "user": "kjw0831059175",
            "message": "UI 버튼이 작동하지 않습니다.",
            "priority": 0,
            "created_at": "2025-11-17 09:45:56"
        },
        {
            "id": 26,
            "user": "lemona",
            "message": "채팅 입력창이 비활성화돼요.",
            "priority": 5,
            "created_at": "2025-11-17 09:47:40"
        },
        {
            "id": 27,
            "user": "pind_05",
            "message": "앱이 프리즈됩니다.",
            "priority": 2,
            "created_at": "2025-11-17 09:50:02"
        },
        {
            "id": 28,
            "user": "qwersdf1234____",
            "message": "연결 유지가 되지 않습니다.",
            "priority": 1,
            "created_at": "2025-11-17 09:52:14"
        },
        {
            "id": 29,
            "user": "lemona",
            "message": "메모리가 과도하게 사용됩니다.",
            "priority": 4,
            "created_at": "2025-11-17 09:54:40"
        },
        {
            "id": 30,
            "user": "lemona",
            "message": "영상 재생이 중간에서 멈춰요.",
            "priority": 3,
            "created_at": "2025-11-17 09:56:22"
        },
        {
            "id": 31,
            "user": "kjw0831059175",
            "message": "채팅방 입장이 불가능합니다.",
            "priority": 2,
            "created_at": "2025-11-17 10:00:11"
        },
        {
            "id": 32,
            "user": "pind_05",
            "message": "새 알림이 표시되지 않아요.",
            "priority": 0,
            "created_at": "2025-11-17 10:01:55"
        },
        {
            "id": 33,
            "user": "lemona",
            "message": "위젯이 사라져버렸습니다.",
            "priority": 4,
            "created_at": "2025-11-17 10:03:32"
        },
        {
            "id": 34,
            "user": "qwersdf1234____",
            "message": "메시지 목록이 비어 보입니다.",
            "priority": 3,
            "created_at": "2025-11-17 10:05:40"
        },
        {
            "id": 35,
            "user": "lemona",
            "message": "글자 크기 설정이 리셋됩니다.",
            "priority": 1,
            "created_at": "2025-11-17 10:07:08"
        },
        {
            "id": 36,
            "user": "pind_05",
            "message": "이중 로그인이 감지됩니다.",
            "priority": 5,
            "created_at": "2025-11-17 10:08:31"
        },
        {
            "id": 37,
            "user": "lemona",
            "message": "콘텐츠가 일부만 표시됩니다.",
            "priority": 2,
            "created_at": "2025-11-17 10:10:19"
        },
        {
            "id": 38,
            "user": "kjw0831059175",
            "message": "보안 경고 창이 반복적으로 표시돼요.",
            "priority": 1,
            "created_at": "2025-11-17 10:12:24"
        },
        {
            "id": 39,
            "user": "lemona",
            "message": "서버 핑이 200ms 이상입니다.",
            "priority": 0,
            "created_at": "2025-11-17 10:13:59"
        },
        {
            "id": 40,
            "user": "qwersdf1234____",
            "message": "업데이트 후 오류가 발생합니다.",
            "priority": 3,
            "created_at": "2025-11-17 10:15:45"
        },
        {
            "id": 41,
            "user": "lemona",
            "message": "폴더가 정상적으로 열리지 않아요.",
            "priority": 4,
            "created_at": "2025-11-17 10:17:00"
        },
        {
            "id": 42,
            "user": "pind_05",
            "message": "앱 반응이 심하게 느립니다.",
            "priority": 0,
            "created_at": "2025-11-17 10:19:12"
        },
        {
            "id": 43,
            "user": "lemona",
            "message": "채팅 기록이 불러와지지 않습니다.",
            "priority": 5,
            "created_at": "2025-11-17 10:21:44"
        },
        {
            "id": 44,
            "user": "qwersdf1234____",
            "message": "해상도가 잘못 적용됩니다.",
            "priority": 1,
            "created_at": "2025-11-17 10:22:57"
        },
        {
            "id": 45,
            "user": "lemona",
            "message": "초대 링크가 만료되지 않습니다.",
            "priority": 2,
            "created_at": "2025-11-17 10:24:33"
        },
        {
            "id": 46,
            "user": "kjw0831059175",
            "message": "프로필 정보가 사라졌어요.",
            "priority": 3,
            "created_at": "2025-11-17 10:26:16"
        },
        {
            "id": 47,
            "user": "lemona",
            "message": "계정 연동이 실패해요.",
            "priority": 1,
            "created_at": "2025-11-17 10:28:40"
        },
        {
            "id": 48,
            "user": "pind_05",
            "message": "서버 응답이 없습니다.",
            "priority": 5,
            "created_at": "2025-11-17 10:30:59"
        },
        {
            "id": 49,
            "user": "lemona",
            "message": "위젯이 자동으로 꺼져버립니다.",
            "priority": 2,
            "created_at": "2025-11-17 10:33:21"
        },
        {
            "id": 50,
            "user": "qwersdf1234____",
            "message": "파일 미리보기가 표시되지 않습니다.",
            "priority": 0,
            "created_at": "2025-11-17 10:35:02"
        },
        {
            "id": 51,
            "user": "lemona",
            "message": "티켓 만들기.",
            "priority": 0,
            "created_at": "2025-11-19 06:42:43"
        }
    ]
}